Type,Name,Request Count,Failure Count,Median Response Time,Average Response Time,Min Response Time,Max Response Time,Average Content Size,Requests/s,Failures/s,50%,66%,75%,80%,90%,95%,98%,99%,99.9%,99.99%,100%
GET,/,1619,689,6100.0,7293.974587955518,143.93860000018321,38336.5270000013,250.4508956145769,26.87588893784405,11.437608077933632,6100,11000,12000,13000,16000,17000,19000,21000,26000,38000,38000
GET,/limamb,1433,644,10000.0,9119.133539706878,407.5266999989253,45407.948599999145,2915558.168876483,23.788232765861967,10.690594487937966,10000,12000,14000,16000,19000,21000,26000,29000,41000,45000,45000
GET,/satumb,1531,614,6700.0,7552.337919790979,259.6274000006815,30928.014000000985,634327.4128020902,25.415062361852527,10.192585427940855,6700,11000,12000,13000,17000,18000,20000,23000,30000,31000,31000
GET,/sepuluhkb,1565,667,7000.0,7761.972743322647,186.45599999945262,31208.784800001013,5931.390415335463,25.97947262984925,11.07240143393575,7000,11000,13000,14000,17000,19000,20000,21000,31000,31000,31000
GET,/sepuluhmb,1441,688,10000.0,9236.173292435858,411.064300000362,38616.5560999998,5534164.877862595,23.921035181861196,11.421007775933727,10000,12000,14000,16000,19000,21000,26000,27000,39000,39000,39000
GET,/seratuskb,1518,631,6000.0,7292.598300988128,188.18170000122336,30497.901299999285,60429.94268774703,25.19925843585378,10.47479056193922,6100,11000,12000,13000,16000,18000,20000,23000,26000,30000,30000
,Aggregated,9107,3933,7400.0,8012.1082523443165,143.93860000018321,45407.948599999145,1452212.855276161,151.17895031312275,65.28898776562116,7400,11000,13000,14000,17000,19000,23000,25000,36000,45000,45000
