Type,Name,Request Count,Failure Count,Median Response Time,Average Response Time,Min Response Time,Max Response Time,Average Content Size,Requests/s,Failures/s,50%,66%,75%,80%,90%,95%,98%,99%,99.9%,99.99%,100%
GET,/,2456,772,1600.0,4251.904259609259,2.210900012869388,11371.121000003768,312.6644951140065,38.88076219863501,12.221477368626314,1600,2700,11000,11000,11000,11000,11000,11000,11000,11000,11000
GET,/limamb,2415,741,2000.0,4541.224180331428,18.164900015108287,11388.681000011275,3706887.5776397516,38.23169410004216,11.730718562373184,2000,5200,11000,11000,11000,11000,11000,11000,11000,11000,11000
GET,/satumb,2535,784,1700.0,4290.039192781196,21.069399983389303,11388.287000008859,738776.9467455621,40.13140560811879,12.411448519433977,1700,3500,11000,11000,11000,11000,11000,11000,11000,11000,11000
GET,/sepuluhkb,2435,794,1700.0,4386.182261067707,1.8663000082597136,11373.10600001365,7046.528131416838,38.5483126847216,12.569757811773696,1700,5000,11000,11000,11000,11000,11000,11000,11000,11000,11000
GET,/sepuluhmb,2471,811,2800.0,4989.148204249392,24.326099985046312,11388.598999998067,7185151.792796439,39.11822613714459,12.838883608751217,2800,8400,11000,11000,11000,11000,11000,11000,11000,11000,11000
GET,/seratuskb,2532,822,1600.0,4354.077882701464,1.5672000008635223,11388.114100001985,70547.63033175355,40.08391282041687,13.01302383032491,1600,4000,11000,11000,11000,11000,11000,11000,11000,11000,11000
,Aggregated,14844,4724,1800.0,4467.666857194908,1.5672000008635223,11388.681000011275,1938560.761250337,234.994313549079,74.7853097012833,1800,5400,11000,11000,11000,11000,11000,11000,11000,11000,11000
